/* 게시물 */
INSERT INTO BOARD (BOARD_NO, BOARD_TITLE, BOARD_CONTENT, BOARD_USER_ID, BOARD_REGDATE) VALUES ('1', '게시물1', '내용1', '권오영1', '20200921');
INSERT INTO BOARD (BOARD_NO, BOARD_TITLE, BOARD_CONTENT, BOARD_USER_ID, BOARD_REGDATE) VALUES ('2', '게시물2', '내용2', '권오영2', '20200922');
INSERT INTO BOARD (BOARD_NO, BOARD_TITLE, BOARD_CONTENT, BOARD_USER_ID, BOARD_REGDATE) VALUES ('3', '게시물3', '내용3', '권오영3', '20200923');
INSERT INTO BOARD (BOARD_NO, BOARD_TITLE, BOARD_CONTENT, BOARD_USER_ID, BOARD_REGDATE) VALUES ('4', '게시물4', '내용4', '권오영4', '20200924');
INSERT INTO BOARD (BOARD_NO, BOARD_TITLE, BOARD_CONTENT, BOARD_USER_ID, BOARD_REGDATE) VALUES ('5', '게시물5', '내용5', '권오영5', '20200925');
INSERT INTO BOARD (BOARD_NO, BOARD_TITLE, BOARD_CONTENT, BOARD_USER_ID, BOARD_REGDATE) VALUES ('6', '게시물6', '내용6', '권오영6', '20200921');
INSERT INTO BOARD (BOARD_NO, BOARD_TITLE, BOARD_CONTENT, BOARD_USER_ID, BOARD_REGDATE) VALUES ('7', '게시물7', '내용7', '권오영7', '20200922');
INSERT INTO BOARD (BOARD_NO, BOARD_TITLE, BOARD_CONTENT, BOARD_USER_ID, BOARD_REGDATE) VALUES ('8', '게시물8', '내용8', '권오영8', '20200923');
INSERT INTO BOARD (BOARD_NO, BOARD_TITLE, BOARD_CONTENT, BOARD_USER_ID, BOARD_REGDATE) VALUES ('9', '게시물9', '내용9', '권오영9', '20200924');
INSERT INTO BOARD (BOARD_NO, BOARD_TITLE, BOARD_CONTENT, BOARD_USER_ID, BOARD_REGDATE) VALUES ('10', '게시물10', '내용10', '권오영10', '20200925');
INSERT INTO BOARD (BOARD_NO, BOARD_TITLE, BOARD_CONTENT, BOARD_USER_ID, BOARD_REGDATE) VALUES ('11', '게시물11', '내용11', '권오영11', '20200921');
INSERT INTO BOARD (BOARD_NO, BOARD_TITLE, BOARD_CONTENT, BOARD_USER_ID, BOARD_REGDATE) VALUES ('12', '게시물12', '내용12', '권오영12', '20200922');
INSERT INTO BOARD (BOARD_NO, BOARD_TITLE, BOARD_CONTENT, BOARD_USER_ID, BOARD_REGDATE) VALUES ('13', '게시물13', '내용13', '권오영13', '20200923');
INSERT INTO BOARD (BOARD_NO, BOARD_TITLE, BOARD_CONTENT, BOARD_USER_ID, BOARD_REGDATE) VALUES ('14', '게시물14', '내용14', '권오영14', '20200924');
INSERT INTO BOARD (BOARD_NO, BOARD_TITLE, BOARD_CONTENT, BOARD_USER_ID, BOARD_REGDATE) VALUES ('15', '게시물15', '내용15', '권오영15', '20200925');
INSERT INTO BOARD (BOARD_NO, BOARD_TITLE, BOARD_CONTENT, BOARD_USER_ID, BOARD_REGDATE) VALUES ('16', '게시물16', '내용16', '권오영16', '20200921');
INSERT INTO BOARD (BOARD_NO, BOARD_TITLE, BOARD_CONTENT, BOARD_USER_ID, BOARD_REGDATE) VALUES ('17', '게시물17', '내용17', '권오영17', '20200922');
INSERT INTO BOARD (BOARD_NO, BOARD_TITLE, BOARD_CONTENT, BOARD_USER_ID, BOARD_REGDATE) VALUES ('18', '게시물18', '내용18', '권오영18', '20200923');
INSERT INTO BOARD (BOARD_NO, BOARD_TITLE, BOARD_CONTENT, BOARD_USER_ID, BOARD_REGDATE) VALUES ('19', '게시물19', '내용19', '권오영19', '20200924');
INSERT INTO BOARD (BOARD_NO, BOARD_TITLE, BOARD_CONTENT, BOARD_USER_ID, BOARD_REGDATE) VALUES ('20', '게시물20', '내용20', '권오영20', '20200925');
INSERT INTO BOARD (BOARD_NO, BOARD_TITLE, BOARD_CONTENT, BOARD_USER_ID, BOARD_REGDATE) VALUES ('21', '게시물21', '내용21', '권오영21', '20200921');
INSERT INTO BOARD (BOARD_NO, BOARD_TITLE, BOARD_CONTENT, BOARD_USER_ID, BOARD_REGDATE) VALUES ('22', '게시물22', '내용22', '권오영22', '20200922');
INSERT INTO BOARD (BOARD_NO, BOARD_TITLE, BOARD_CONTENT, BOARD_USER_ID, BOARD_REGDATE) VALUES ('23', '게시물23', '내용23', '권오영23', '20200923');
INSERT INTO BOARD (BOARD_NO, BOARD_TITLE, BOARD_CONTENT, BOARD_USER_ID, BOARD_REGDATE) VALUES ('24', '게시물24', '내용24', '권오영24', '20200924');
INSERT INTO BOARD (BOARD_NO, BOARD_TITLE, BOARD_CONTENT, BOARD_USER_ID, BOARD_REGDATE) VALUES ('25', '게시물25', '내용25', '권오영25', '20200925');
INSERT INTO BOARD (BOARD_NO, BOARD_TITLE, BOARD_CONTENT, BOARD_USER_ID, BOARD_REGDATE) VALUES ('26', '게시물26', '내용26', '권오영26', '20200921');
INSERT INTO BOARD (BOARD_NO, BOARD_TITLE, BOARD_CONTENT, BOARD_USER_ID, BOARD_REGDATE) VALUES ('27', '게시물27', '내용27', '권오영27', '20200922');
INSERT INTO BOARD (BOARD_NO, BOARD_TITLE, BOARD_CONTENT, BOARD_USER_ID, BOARD_REGDATE) VALUES ('28', '게시물28', '내용28', '권오영28', '20200923');
INSERT INTO BOARD (BOARD_NO, BOARD_TITLE, BOARD_CONTENT, BOARD_USER_ID, BOARD_REGDATE) VALUES ('29', '게시물29', '내용29', '권오영29', '20200924');
INSERT INTO BOARD (BOARD_NO, BOARD_TITLE, BOARD_CONTENT, BOARD_USER_ID, BOARD_REGDATE) VALUES ('30', '게시물30', '내용30', '권오영30', '20200925');
INSERT INTO BOARD (BOARD_NO, BOARD_TITLE, BOARD_CONTENT, BOARD_USER_ID, BOARD_REGDATE) VALUES ('31', '게시물31', '내용31', '권오영31', '20200921');
INSERT INTO BOARD (BOARD_NO, BOARD_TITLE, BOARD_CONTENT, BOARD_USER_ID, BOARD_REGDATE) VALUES ('32', '게시물32', '내용32', '권오영32', '20200922');
INSERT INTO BOARD (BOARD_NO, BOARD_TITLE, BOARD_CONTENT, BOARD_USER_ID, BOARD_REGDATE) VALUES ('33', '게시물33', '내용33', '권오영33', '20200923');
INSERT INTO BOARD (BOARD_NO, BOARD_TITLE, BOARD_CONTENT, BOARD_USER_ID, BOARD_REGDATE) VALUES ('34', '게시물34', '내용34', '권오영34', '20200924');
INSERT INTO BOARD (BOARD_NO, BOARD_TITLE, BOARD_CONTENT, BOARD_USER_ID, BOARD_REGDATE) VALUES ('35', '게시물35', '내용35', '권오영35', '20200925');
INSERT INTO BOARD (BOARD_NO, BOARD_TITLE, BOARD_CONTENT, BOARD_USER_ID, BOARD_REGDATE) VALUES ('36', '게시물36', '내용36', '권오영36', '20200921');
INSERT INTO BOARD (BOARD_NO, BOARD_TITLE, BOARD_CONTENT, BOARD_USER_ID, BOARD_REGDATE) VALUES ('37', '게시물37', '내용37', '권오영37', '20200922');
INSERT INTO BOARD (BOARD_NO, BOARD_TITLE, BOARD_CONTENT, BOARD_USER_ID, BOARD_REGDATE) VALUES ('38', '게시물38', '내용38', '권오영38', '20200923');
INSERT INTO BOARD (BOARD_NO, BOARD_TITLE, BOARD_CONTENT, BOARD_USER_ID, BOARD_REGDATE) VALUES ('39', '게시물39', '내용39', '권오영39', '20200924');
INSERT INTO BOARD (BOARD_NO, BOARD_TITLE, BOARD_CONTENT, BOARD_USER_ID, BOARD_REGDATE) VALUES ('40', '게시물40', '내용40', '권오영40', '20200925');
INSERT INTO BOARD (BOARD_NO, BOARD_TITLE, BOARD_CONTENT, BOARD_USER_ID, BOARD_REGDATE) VALUES ('41', '게시물41', '내용41', '권오영41', '20200921');
INSERT INTO BOARD (BOARD_NO, BOARD_TITLE, BOARD_CONTENT, BOARD_USER_ID, BOARD_REGDATE) VALUES ('42', '게시물42', '내용42', '권오영42', '20200922');
INSERT INTO BOARD (BOARD_NO, BOARD_TITLE, BOARD_CONTENT, BOARD_USER_ID, BOARD_REGDATE) VALUES ('43', '게시물43', '내용43', '권오영43', '20200923');
INSERT INTO BOARD (BOARD_NO, BOARD_TITLE, BOARD_CONTENT, BOARD_USER_ID, BOARD_REGDATE) VALUES ('44', '게시물44', '내용44', '권오영44', '20200924');
INSERT INTO BOARD (BOARD_NO, BOARD_TITLE, BOARD_CONTENT, BOARD_USER_ID, BOARD_REGDATE) VALUES ('45', '게시물45', '내용45', '권오영45', '20200925');
INSERT INTO BOARD (BOARD_NO, BOARD_TITLE, BOARD_CONTENT, BOARD_USER_ID, BOARD_REGDATE) VALUES ('46', '게시물46', '내용46', '권오영46', '20200921');
INSERT INTO BOARD (BOARD_NO, BOARD_TITLE, BOARD_CONTENT, BOARD_USER_ID, BOARD_REGDATE) VALUES ('47', '게시물47', '내용47', '권오영47', '20200922');
INSERT INTO BOARD (BOARD_NO, BOARD_TITLE, BOARD_CONTENT, BOARD_USER_ID, BOARD_REGDATE) VALUES ('48', '게시물48', '내용48', '권오영48', '20200923');
INSERT INTO BOARD (BOARD_NO, BOARD_TITLE, BOARD_CONTENT, BOARD_USER_ID, BOARD_REGDATE) VALUES ('49', '게시물49', '내용49', '권오영49', '20200924');
INSERT INTO BOARD (BOARD_NO, BOARD_TITLE, BOARD_CONTENT, BOARD_USER_ID, BOARD_REGDATE) VALUES ('50', '게시물50', '내용50', '권오영50', '20200925');
INSERT INTO BOARD (BOARD_NO, BOARD_TITLE, BOARD_CONTENT, BOARD_USER_ID, BOARD_REGDATE) VALUES ('51', '게시물51', '내용51', '권오영51', '20200921');
INSERT INTO BOARD (BOARD_NO, BOARD_TITLE, BOARD_CONTENT, BOARD_USER_ID, BOARD_REGDATE) VALUES ('52', '게시물52', '내용52', '권오영52', '20200922');
INSERT INTO BOARD (BOARD_NO, BOARD_TITLE, BOARD_CONTENT, BOARD_USER_ID, BOARD_REGDATE) VALUES ('53', '게시물53', '내용53', '권오영53', '20200923');
INSERT INTO BOARD (BOARD_NO, BOARD_TITLE, BOARD_CONTENT, BOARD_USER_ID, BOARD_REGDATE) VALUES ('54', '게시물54', '내용54', '권오영54', '20200924');
INSERT INTO BOARD (BOARD_NO, BOARD_TITLE, BOARD_CONTENT, BOARD_USER_ID, BOARD_REGDATE) VALUES ('55', '게시물55', '내용55', '권오영55', '20200925');
INSERT INTO BOARD (BOARD_NO, BOARD_TITLE, BOARD_CONTENT, BOARD_USER_ID, BOARD_REGDATE) VALUES ('56', '게시물56', '내용56', '권오영56', '20200921');
INSERT INTO BOARD (BOARD_NO, BOARD_TITLE, BOARD_CONTENT, BOARD_USER_ID, BOARD_REGDATE) VALUES ('57', '게시물57', '내용57', '권오영57', '20200922');
INSERT INTO BOARD (BOARD_NO, BOARD_TITLE, BOARD_CONTENT, BOARD_USER_ID, BOARD_REGDATE) VALUES ('58', '게시물58', '내용58', '권오영58', '20200923');
INSERT INTO BOARD (BOARD_NO, BOARD_TITLE, BOARD_CONTENT, BOARD_USER_ID, BOARD_REGDATE) VALUES ('59', '게시물59', '내용59', '권오영59', '20200924');
INSERT INTO BOARD (BOARD_NO, BOARD_TITLE, BOARD_CONTENT, BOARD_USER_ID, BOARD_REGDATE) VALUES ('60', '게시물60', '내용60', '권오영60', '20200925');

/* 사용자 */
INSERT INTO _G_USER (USER_ID, USER_NAME, USER_PASSWD) VALUES ('test', '테스트', '1');
INSERT INTO _G_USER (USER_ID, USER_NAME, USER_PASSWD) VALUES ('test1', '테스트1', '1');
INSERT INTO _G_USER (USER_ID, USER_NAME, USER_PASSWD) VALUES ('test2', '테스트2', '1');
INSERT INTO _G_USER (USER_ID, USER_NAME, USER_PASSWD) VALUES ('test3', '테스트3', '1');
INSERT INTO _G_USER (USER_ID, USER_NAME, USER_PASSWD) VALUES ('test4', '테스트4', '1');
INSERT INTO _G_USER (USER_ID, USER_NAME, USER_PASSWD) VALUES ('test5', '테스트5', '1');

/* BIND */
INSERT INTO _G_BIND (BIND_ID, BIND_METHOD, BIND_NAME, BEAN_ID, RESPONSE_VIEW_URI, RESPONSE_LAYOUT_URI) VALUES ('loginInfo', 'GET', '로그인정보 조회', 'loginService', '', '');
INSERT INTO _G_BIND (BIND_ID, BIND_METHOD, BIND_NAME, BEAN_ID, RESPONSE_VIEW_URI, RESPONSE_LAYOUT_URI) VALUES ('users', 'GET', '사용자 목록조회', 'userService', 'view_test', 'template_test');
INSERT INTO _G_BIND (BIND_ID, BIND_METHOD, BIND_NAME, BEAN_ID, RESPONSE_VIEW_URI, RESPONSE_LAYOUT_URI) VALUES ('menus', 'GET', '메뉴 목록조회', 'menuService', 'view_test', 'template_test');
INSERT INTO _G_BIND (BIND_ID, BIND_METHOD, BIND_NAME, BEAN_ID, RESPONSE_VIEW_URI, RESPONSE_LAYOUT_URI) VALUES ('admin/test', 'GET', '테스트', 'menuService', 'common/test', 'template_layer');
INSERT INTO _G_BIND (BIND_ID, BIND_METHOD, BIND_NAME, BEAN_ID, RESPONSE_VIEW_URI, RESPONSE_LAYOUT_URI) VALUES ('admin/bind', 'GET', 'BIND', 'bindService', 'admin/bind', 'template_main');
INSERT INTO _G_BIND (BIND_ID, BIND_METHOD, BIND_NAME, BEAN_ID, RESPONSE_VIEW_URI, RESPONSE_LAYOUT_URI) VALUES ('admin/menu', 'GET', '메뉴', 'menuService', 'admin/menu', 'template_main');
INSERT INTO _G_BIND (BIND_ID, BIND_METHOD, BIND_NAME, BEAN_ID, RESPONSE_VIEW_URI, RESPONSE_LAYOUT_URI) VALUES ('admin/menus', 'GET', '메뉴 목록조회', 'menuService', '', '');


/* MESSAGE */
INSERT INTO _G_MESSAGE (MESSAGE_CODE, MESSAGE_TYPE, LANGUAGE_CODE, COUNTRY_CODE, MESSAGE_CONTENT) VALUES ('common.test1', 'E', 'ko', 'KR', '테스트 오류 메시지1, {0}, {1}');
INSERT INTO _G_MESSAGE (MESSAGE_CODE, MESSAGE_TYPE, LANGUAGE_CODE, COUNTRY_CODE, MESSAGE_CONTENT) VALUES ('common.test2', 'I', 'ko', 'KR', '테스트 정보 메시지2, {0}, {1}');
INSERT INTO _G_MESSAGE (MESSAGE_CODE, MESSAGE_TYPE, LANGUAGE_CODE, COUNTRY_CODE, MESSAGE_CONTENT) VALUES ('common.test3', 'V', 'ko', 'KR', '테스트 검증 메시지3, {0}, {1}');
INSERT INTO _G_MESSAGE (MESSAGE_CODE, MESSAGE_TYPE, LANGUAGE_CODE, COUNTRY_CODE, MESSAGE_CONTENT) VALUES ('common.test4', 'V', 'ko', 'KR', '테스트 검증 메시지4, {0}, {1}');

/* PROPERTY */
INSERT INTO _G_PROPERTY (PROPERTY_KEY, PROPERTY_VALUE, PROPERTY_DESCRIPTION) VALUES ('sys.test1', 'property value 1', '테스트 프로퍼티1');
INSERT INTO _G_PROPERTY (PROPERTY_KEY, PROPERTY_VALUE, PROPERTY_DESCRIPTION) VALUES ('sys.test2', 'property value 2', '테스트 프로퍼티2');
INSERT INTO _G_PROPERTY (PROPERTY_KEY, PROPERTY_VALUE, PROPERTY_DESCRIPTION) VALUES ('sys.test3', 'property value 3', '테스트 프로퍼티3');




/* MENU */
-- INSERT INTO _G_MENU (MENU_ID, MENU_NAME, BIND_ID, UPPER_MENU_ID, MENU_LEVEL, MENU_SEQUENCE, DISPLAY_YN) VALUES ('M1000000', '테스트1',    '',      '',         1, 1, 'Y');
-- INSERT INTO _G_MENU (MENU_ID, MENU_NAME, BIND_ID, UPPER_MENU_ID, MENU_LEVEL, MENU_SEQUENCE, DISPLAY_YN) VALUES ('M1010000', '테스트11',   '',      'M1000000', 2, 1, 'Y');
-- INSERT INTO _G_MENU (MENU_ID, MENU_NAME, BIND_ID, UPPER_MENU_ID, MENU_LEVEL, MENU_SEQUENCE, DISPLAY_YN) VALUES ('M1010100', '테스트111',  '',      'M1010000', 3, 1, 'Y');
-- INSERT INTO _G_MENU (MENU_ID, MENU_NAME, BIND_ID, UPPER_MENU_ID, MENU_LEVEL, MENU_SEQUENCE, DISPLAY_YN) VALUES ('M1010101', '테스트1111', 'users', 'M1010100', 4, 1, 'Y');
-- INSERT INTO _G_MENU (MENU_ID, MENU_NAME, BIND_ID, UPPER_MENU_ID, MENU_LEVEL, MENU_SEQUENCE, DISPLAY_YN) VALUES ('M1010102', '테스트1112', 'users', 'M1010100', 4, 2, 'Y');
-- INSERT INTO _G_MENU (MENU_ID, MENU_NAME, BIND_ID, UPPER_MENU_ID, MENU_LEVEL, MENU_SEQUENCE, DISPLAY_YN) VALUES ('M1010200', '테스트112',  'users', 'M1010000', 3, 2, 'Y');
-- INSERT INTO _G_MENU (MENU_ID, MENU_NAME, BIND_ID, UPPER_MENU_ID, MENU_LEVEL, MENU_SEQUENCE, DISPLAY_YN) VALUES ('M1010201', '테스트1121', 'users', 'M1010200', 4, 1, 'Y');
-- INSERT INTO _G_MENU (MENU_ID, MENU_NAME, BIND_ID, UPPER_MENU_ID, MENU_LEVEL, MENU_SEQUENCE, DISPLAY_YN) VALUES ('M1010202', '테스트1122', 'users', 'M1010200', 4, 2, 'Y');
-- INSERT INTO _G_MENU (MENU_ID, MENU_NAME, BIND_ID, UPPER_MENU_ID, MENU_LEVEL, MENU_SEQUENCE, DISPLAY_YN) VALUES ('M1020000', '테스트12',   'users', 'M1000000', 2, 2, 'Y');
-- INSERT INTO _G_MENU (MENU_ID, MENU_NAME, BIND_ID, UPPER_MENU_ID, MENU_LEVEL, MENU_SEQUENCE, DISPLAY_YN) VALUES ('M1020100', '테스트121',  'users', 'M1020000', 3, 1, 'Y');
-- INSERT INTO _G_MENU (MENU_ID, MENU_NAME, BIND_ID, UPPER_MENU_ID, MENU_LEVEL, MENU_SEQUENCE, DISPLAY_YN) VALUES ('M1020101', '테스트1211', 'users', 'M1020100', 4, 1, 'Y');

/*
INSERT INTO _G_MENU (MENU_ID, MENU_NAME, BIND_ID, UPPER_MENU_ID, MENU_LEVEL, MENU_SEQUENCE, DISPLAY_YN) VALUES ('M1010201', '테스트1121', 'users', 'M1010200', 4, 1, 'Y');
INSERT INTO _G_MENU (MENU_ID, MENU_NAME, BIND_ID, UPPER_MENU_ID, MENU_LEVEL, MENU_SEQUENCE, DISPLAY_YN) VALUES ('M1020000', '테스트12',   'users', 'M1000000', 2, 2, 'Y');
INSERT INTO _G_MENU (MENU_ID, MENU_NAME, BIND_ID, UPPER_MENU_ID, MENU_LEVEL, MENU_SEQUENCE, DISPLAY_YN) VALUES ('M1020100', '테스트121',  'users', 'M1020000', 3, 1, 'Y');
INSERT INTO _G_MENU (MENU_ID, MENU_NAME, BIND_ID, UPPER_MENU_ID, MENU_LEVEL, MENU_SEQUENCE, DISPLAY_YN) VALUES ('M1020101', '테스트1211', 'users', 'M1020100', 4, 1, 'Y');
INSERT INTO _G_MENU (MENU_ID, MENU_NAME, BIND_ID, UPPER_MENU_ID, MENU_LEVEL, MENU_SEQUENCE, DISPLAY_YN) VALUES ('M1000000', '테스트1',    '',      '',         1, 1, 'Y');
INSERT INTO _G_MENU (MENU_ID, MENU_NAME, BIND_ID, UPPER_MENU_ID, MENU_LEVEL, MENU_SEQUENCE, DISPLAY_YN) VALUES ('M1010101', '테스트1111', 'users', 'M1010100', 4, 1, 'Y');
INSERT INTO _G_MENU (MENU_ID, MENU_NAME, BIND_ID, UPPER_MENU_ID, MENU_LEVEL, MENU_SEQUENCE, DISPLAY_YN) VALUES ('M1010202', '테스트1122', 'users', 'M1010200', 4, 2, 'Y');
INSERT INTO _G_MENU (MENU_ID, MENU_NAME, BIND_ID, UPPER_MENU_ID, MENU_LEVEL, MENU_SEQUENCE, DISPLAY_YN) VALUES ('M1010102', '테스트1112', 'users', 'M1010100', 4, 2, 'Y');
INSERT INTO _G_MENU (MENU_ID, MENU_NAME, BIND_ID, UPPER_MENU_ID, MENU_LEVEL, MENU_SEQUENCE, DISPLAY_YN) VALUES ('M1010200', '테스트112',  'users', 'M1010000', 3, 2, 'Y');
INSERT INTO _G_MENU (MENU_ID, MENU_NAME, BIND_ID, UPPER_MENU_ID, MENU_LEVEL, MENU_SEQUENCE, DISPLAY_YN) VALUES ('M1010000', '테스트11',   '',      'M1000000', 2, 1, 'Y');
INSERT INTO _G_MENU (MENU_ID, MENU_NAME, BIND_ID, UPPER_MENU_ID, MENU_LEVEL, MENU_SEQUENCE, DISPLAY_YN) VALUES ('M1010100', '테스트111',  '',      'M1010000', 3, 1, 'Y');
*/
INSERT INTO _G_MENU (MENU_ID, MENU_NAME, BIND_ID, BIND_METHOD, UPPER_MENU_ID, MENU_LEVEL, MENU_SEQUENCE, DISPLAY_YN) VALUES ('M1000000', '관리자', '', '', '', 1, 1, 'Y');
INSERT INTO _G_MENU (MENU_ID, MENU_NAME, BIND_ID, BIND_METHOD, UPPER_MENU_ID, MENU_LEVEL, MENU_SEQUENCE, DISPLAY_YN) VALUES ('M1010000', '프로그램', '', '', 'M1000000', 2, 1, 'Y');
INSERT INTO _G_MENU (MENU_ID, MENU_NAME, BIND_ID, BIND_METHOD, UPPER_MENU_ID, MENU_LEVEL, MENU_SEQUENCE, DISPLAY_YN) VALUES ('M1010100', '서비스관리', 'admin/bind', 'GET', 'M1010000', 3, 1, 'Y');
INSERT INTO _G_MENU (MENU_ID, MENU_NAME, BIND_ID, BIND_METHOD, UPPER_MENU_ID, MENU_LEVEL, MENU_SEQUENCE, DISPLAY_YN) VALUES ('M1010200', '메뉴관리', 'admin/menu', 'GET', 'M1010000', 3, 2, 'Y');
INSERT INTO _G_MENU (MENU_ID, MENU_NAME, BIND_ID, BIND_METHOD, UPPER_MENU_ID, MENU_LEVEL, MENU_SEQUENCE, DISPLAY_YN) VALUES ('M1020000', '권한', '', '', 'M1000000', 2, 2, 'Y');
INSERT INTO _G_MENU (MENU_ID, MENU_NAME, BIND_ID, BIND_METHOD, UPPER_MENU_ID, MENU_LEVEL, MENU_SEQUENCE, DISPLAY_YN) VALUES ('M1020100', '사용자관리', 'admin/user', 'GET', 'M1020000', 3, 1, 'Y');
INSERT INTO _G_MENU (MENU_ID, MENU_NAME, BIND_ID, BIND_METHOD, UPPER_MENU_ID, MENU_LEVEL, MENU_SEQUENCE, DISPLAY_YN) VALUES ('M1020200', '사용자역할관리', 'admin/userRole', 'GET', 'M1020000', 3, 2, 'Y');
INSERT INTO _G_MENU (MENU_ID, MENU_NAME, BIND_ID, BIND_METHOD, UPPER_MENU_ID, MENU_LEVEL, MENU_SEQUENCE, DISPLAY_YN) VALUES ('M1020300', '역할별서비스관리', 'admin/roleBind', 'GET', 'M1020000', 3, 3, 'Y');

/*
GET     /admin/menus            'all menus info'
GET     /admin/menus/M1010102   'M1010102 info'
GET     /admin/menus/new        'regist form page load'
GET     /admin/menus/:id/edit   'edit form page load'

/admin/menus/M1010102/edit

/admin/menus/{menuId}/edit
 */


INSERT INTO _G_TEST (TEST1, TEST2) VALUES ('TTTT11', '테스트1');
INSERT INTO _G_TEST (TEST1, TEST2) VALUES ('TTTT22', '테스트2');
INSERT INTO _G_TEST (TEST1, TEST2) VALUES ('TTTT33', '테스트3');



COMMIT;
