/* 게시물 */
INSERT INTO _G_BOARD (BNO, TITLE, CONTENT, WRITER, REGDATE) VALUES ('1', '게시물1', '내용1', '권오영1', '20200921');
INSERT INTO _G_BOARD (BNO, TITLE, CONTENT, WRITER, REGDATE) VALUES ('2', '게시물2', '내용2', '권오영2', '20200922');
INSERT INTO _G_BOARD (BNO, TITLE, CONTENT, WRITER, REGDATE) VALUES ('3', '게시물3', '내용3', '권오영3', '20200923');
INSERT INTO _G_BOARD (BNO, TITLE, CONTENT, WRITER, REGDATE) VALUES ('4', '게시물4', '내용4', '권오영4', '20200924');
INSERT INTO _G_BOARD (BNO, TITLE, CONTENT, WRITER, REGDATE) VALUES ('5', '게시물5', '내용5', '권오영5', '20200925');


/* 사용자 */
INSERT INTO _G_USER (USER_ID, USER_NAME, USER_PASSWD) VALUES ('test', '테스트', '1');
INSERT INTO _G_USER (USER_ID, USER_NAME, USER_PASSWD) VALUES ('test1', '테스트1', '1');
INSERT INTO _G_USER (USER_ID, USER_NAME, USER_PASSWD) VALUES ('test2', '테스트2', '1');
INSERT INTO _G_USER (USER_ID, USER_NAME, USER_PASSWD) VALUES ('test3', '테스트3', '1');
INSERT INTO _G_USER (USER_ID, USER_NAME, USER_PASSWD) VALUES ('test4', '테스트4', '1');
INSERT INTO _G_USER (USER_ID, USER_NAME, USER_PASSWD) VALUES ('test5', '테스트5', '1');

/* BIND */
INSERT INTO _G_BIND (BIND_ID, BIND_METHOD, BIND_NAME, BEAN_ID, RESPONSE_VIEW_URI, RESPONSE_LAYOUT_URI) VALUES ('loginInfo', 'GET', '로그인정보 조회', 'loginService', '', '');
INSERT INTO _G_BIND (BIND_ID, BIND_METHOD, BIND_NAME, BEAN_ID, RESPONSE_VIEW_URI, RESPONSE_LAYOUT_URI) VALUES ('users', 'GET', '사용자 목록조회', 'userService', 'view_test', 'template_test');
INSERT INTO _G_BIND (BIND_ID, BIND_METHOD, BIND_NAME, BEAN_ID, RESPONSE_VIEW_URI, RESPONSE_LAYOUT_URI) VALUES ('menus', 'GET', '메뉴 목록조회', 'menuService', 'view_test', 'template_test');
INSERT INTO _G_BIND (BIND_ID, BIND_METHOD, BIND_NAME, BEAN_ID, RESPONSE_VIEW_URI, RESPONSE_LAYOUT_URI) VALUES ('admin/test', 'GET', '테스트', 'menuService', 'common/test', 'template_layer');
INSERT INTO _G_BIND (BIND_ID, BIND_METHOD, BIND_NAME, BEAN_ID, RESPONSE_VIEW_URI, RESPONSE_LAYOUT_URI) VALUES ('admin/bind', 'GET', 'BIND', 'bindService', 'admin/bind', 'template_main');
INSERT INTO _G_BIND (BIND_ID, BIND_METHOD, BIND_NAME, BEAN_ID, RESPONSE_VIEW_URI, RESPONSE_LAYOUT_URI) VALUES ('admin/menu', 'GET', '메뉴', 'menuService', 'admin/menu', 'template_main');
INSERT INTO _G_BIND (BIND_ID, BIND_METHOD, BIND_NAME, BEAN_ID, RESPONSE_VIEW_URI, RESPONSE_LAYOUT_URI) VALUES ('admin/menus', 'GET', '메뉴 목록조회', 'menuService', '', '');


/* MESSAGE */
INSERT INTO _G_MESSAGE (MESSAGE_CODE, MESSAGE_TYPE, LANGUAGE_CODE, COUNTRY_CODE, MESSAGE_CONTENT) VALUES ('common.test1', 'E', 'ko', 'KR', '테스트 오류 메시지1, {0}, {1}');
INSERT INTO _G_MESSAGE (MESSAGE_CODE, MESSAGE_TYPE, LANGUAGE_CODE, COUNTRY_CODE, MESSAGE_CONTENT) VALUES ('common.test2', 'I', 'ko', 'KR', '테스트 정보 메시지2, {0}, {1}');
INSERT INTO _G_MESSAGE (MESSAGE_CODE, MESSAGE_TYPE, LANGUAGE_CODE, COUNTRY_CODE, MESSAGE_CONTENT) VALUES ('common.test3', 'V', 'ko', 'KR', '테스트 검증 메시지3, {0}, {1}');
INSERT INTO _G_MESSAGE (MESSAGE_CODE, MESSAGE_TYPE, LANGUAGE_CODE, COUNTRY_CODE, MESSAGE_CONTENT) VALUES ('common.test4', 'V', 'ko', 'KR', '테스트 검증 메시지4, {0}, {1}');

/* PROPERTY */
INSERT INTO _G_PROPERTY (PROPERTY_KEY, PROPERTY_VALUE, PROPERTY_DESCRIPTION) VALUES ('sys.test1', 'property value 1', '테스트 프로퍼티1');
INSERT INTO _G_PROPERTY (PROPERTY_KEY, PROPERTY_VALUE, PROPERTY_DESCRIPTION) VALUES ('sys.test2', 'property value 2', '테스트 프로퍼티2');
INSERT INTO _G_PROPERTY (PROPERTY_KEY, PROPERTY_VALUE, PROPERTY_DESCRIPTION) VALUES ('sys.test3', 'property value 3', '테스트 프로퍼티3');




/* MENU */
-- INSERT INTO _G_MENU (MENU_ID, MENU_NAME, BIND_ID, UPPER_MENU_ID, MENU_LEVEL, MENU_SEQUENCE, DISPLAY_YN) VALUES ('M1000000', '테스트1',    '',      '',         1, 1, 'Y');
-- INSERT INTO _G_MENU (MENU_ID, MENU_NAME, BIND_ID, UPPER_MENU_ID, MENU_LEVEL, MENU_SEQUENCE, DISPLAY_YN) VALUES ('M1010000', '테스트11',   '',      'M1000000', 2, 1, 'Y');
-- INSERT INTO _G_MENU (MENU_ID, MENU_NAME, BIND_ID, UPPER_MENU_ID, MENU_LEVEL, MENU_SEQUENCE, DISPLAY_YN) VALUES ('M1010100', '테스트111',  '',      'M1010000', 3, 1, 'Y');
-- INSERT INTO _G_MENU (MENU_ID, MENU_NAME, BIND_ID, UPPER_MENU_ID, MENU_LEVEL, MENU_SEQUENCE, DISPLAY_YN) VALUES ('M1010101', '테스트1111', 'users', 'M1010100', 4, 1, 'Y');
-- INSERT INTO _G_MENU (MENU_ID, MENU_NAME, BIND_ID, UPPER_MENU_ID, MENU_LEVEL, MENU_SEQUENCE, DISPLAY_YN) VALUES ('M1010102', '테스트1112', 'users', 'M1010100', 4, 2, 'Y');
-- INSERT INTO _G_MENU (MENU_ID, MENU_NAME, BIND_ID, UPPER_MENU_ID, MENU_LEVEL, MENU_SEQUENCE, DISPLAY_YN) VALUES ('M1010200', '테스트112',  'users', 'M1010000', 3, 2, 'Y');
-- INSERT INTO _G_MENU (MENU_ID, MENU_NAME, BIND_ID, UPPER_MENU_ID, MENU_LEVEL, MENU_SEQUENCE, DISPLAY_YN) VALUES ('M1010201', '테스트1121', 'users', 'M1010200', 4, 1, 'Y');
-- INSERT INTO _G_MENU (MENU_ID, MENU_NAME, BIND_ID, UPPER_MENU_ID, MENU_LEVEL, MENU_SEQUENCE, DISPLAY_YN) VALUES ('M1010202', '테스트1122', 'users', 'M1010200', 4, 2, 'Y');
-- INSERT INTO _G_MENU (MENU_ID, MENU_NAME, BIND_ID, UPPER_MENU_ID, MENU_LEVEL, MENU_SEQUENCE, DISPLAY_YN) VALUES ('M1020000', '테스트12',   'users', 'M1000000', 2, 2, 'Y');
-- INSERT INTO _G_MENU (MENU_ID, MENU_NAME, BIND_ID, UPPER_MENU_ID, MENU_LEVEL, MENU_SEQUENCE, DISPLAY_YN) VALUES ('M1020100', '테스트121',  'users', 'M1020000', 3, 1, 'Y');
-- INSERT INTO _G_MENU (MENU_ID, MENU_NAME, BIND_ID, UPPER_MENU_ID, MENU_LEVEL, MENU_SEQUENCE, DISPLAY_YN) VALUES ('M1020101', '테스트1211', 'users', 'M1020100', 4, 1, 'Y');

/*
INSERT INTO _G_MENU (MENU_ID, MENU_NAME, BIND_ID, UPPER_MENU_ID, MENU_LEVEL, MENU_SEQUENCE, DISPLAY_YN) VALUES ('M1010201', '테스트1121', 'users', 'M1010200', 4, 1, 'Y');
INSERT INTO _G_MENU (MENU_ID, MENU_NAME, BIND_ID, UPPER_MENU_ID, MENU_LEVEL, MENU_SEQUENCE, DISPLAY_YN) VALUES ('M1020000', '테스트12',   'users', 'M1000000', 2, 2, 'Y');
INSERT INTO _G_MENU (MENU_ID, MENU_NAME, BIND_ID, UPPER_MENU_ID, MENU_LEVEL, MENU_SEQUENCE, DISPLAY_YN) VALUES ('M1020100', '테스트121',  'users', 'M1020000', 3, 1, 'Y');
INSERT INTO _G_MENU (MENU_ID, MENU_NAME, BIND_ID, UPPER_MENU_ID, MENU_LEVEL, MENU_SEQUENCE, DISPLAY_YN) VALUES ('M1020101', '테스트1211', 'users', 'M1020100', 4, 1, 'Y');
INSERT INTO _G_MENU (MENU_ID, MENU_NAME, BIND_ID, UPPER_MENU_ID, MENU_LEVEL, MENU_SEQUENCE, DISPLAY_YN) VALUES ('M1000000', '테스트1',    '',      '',         1, 1, 'Y');
INSERT INTO _G_MENU (MENU_ID, MENU_NAME, BIND_ID, UPPER_MENU_ID, MENU_LEVEL, MENU_SEQUENCE, DISPLAY_YN) VALUES ('M1010101', '테스트1111', 'users', 'M1010100', 4, 1, 'Y');
INSERT INTO _G_MENU (MENU_ID, MENU_NAME, BIND_ID, UPPER_MENU_ID, MENU_LEVEL, MENU_SEQUENCE, DISPLAY_YN) VALUES ('M1010202', '테스트1122', 'users', 'M1010200', 4, 2, 'Y');
INSERT INTO _G_MENU (MENU_ID, MENU_NAME, BIND_ID, UPPER_MENU_ID, MENU_LEVEL, MENU_SEQUENCE, DISPLAY_YN) VALUES ('M1010102', '테스트1112', 'users', 'M1010100', 4, 2, 'Y');
INSERT INTO _G_MENU (MENU_ID, MENU_NAME, BIND_ID, UPPER_MENU_ID, MENU_LEVEL, MENU_SEQUENCE, DISPLAY_YN) VALUES ('M1010200', '테스트112',  'users', 'M1010000', 3, 2, 'Y');
INSERT INTO _G_MENU (MENU_ID, MENU_NAME, BIND_ID, UPPER_MENU_ID, MENU_LEVEL, MENU_SEQUENCE, DISPLAY_YN) VALUES ('M1010000', '테스트11',   '',      'M1000000', 2, 1, 'Y');
INSERT INTO _G_MENU (MENU_ID, MENU_NAME, BIND_ID, UPPER_MENU_ID, MENU_LEVEL, MENU_SEQUENCE, DISPLAY_YN) VALUES ('M1010100', '테스트111',  '',      'M1010000', 3, 1, 'Y');
*/
INSERT INTO _G_MENU (MENU_ID, MENU_NAME, BIND_ID, BIND_METHOD, UPPER_MENU_ID, MENU_LEVEL, MENU_SEQUENCE, DISPLAY_YN) VALUES ('M1000000', '관리자', '', '', '', 1, 1, 'Y');
INSERT INTO _G_MENU (MENU_ID, MENU_NAME, BIND_ID, BIND_METHOD, UPPER_MENU_ID, MENU_LEVEL, MENU_SEQUENCE, DISPLAY_YN) VALUES ('M1010000', '프로그램', '', '', 'M1000000', 2, 1, 'Y');
INSERT INTO _G_MENU (MENU_ID, MENU_NAME, BIND_ID, BIND_METHOD, UPPER_MENU_ID, MENU_LEVEL, MENU_SEQUENCE, DISPLAY_YN) VALUES ('M1010100', '서비스관리', 'admin/bind', 'GET', 'M1010000', 3, 1, 'Y');
INSERT INTO _G_MENU (MENU_ID, MENU_NAME, BIND_ID, BIND_METHOD, UPPER_MENU_ID, MENU_LEVEL, MENU_SEQUENCE, DISPLAY_YN) VALUES ('M1010200', '메뉴관리', 'admin/menu', 'GET', 'M1010000', 3, 2, 'Y');
INSERT INTO _G_MENU (MENU_ID, MENU_NAME, BIND_ID, BIND_METHOD, UPPER_MENU_ID, MENU_LEVEL, MENU_SEQUENCE, DISPLAY_YN) VALUES ('M1020000', '권한', '', '', 'M1000000', 2, 2, 'Y');
INSERT INTO _G_MENU (MENU_ID, MENU_NAME, BIND_ID, BIND_METHOD, UPPER_MENU_ID, MENU_LEVEL, MENU_SEQUENCE, DISPLAY_YN) VALUES ('M1020100', '사용자관리', 'admin/user', 'GET', 'M1020000', 3, 1, 'Y');
INSERT INTO _G_MENU (MENU_ID, MENU_NAME, BIND_ID, BIND_METHOD, UPPER_MENU_ID, MENU_LEVEL, MENU_SEQUENCE, DISPLAY_YN) VALUES ('M1020200', '사용자역할관리', 'admin/userRole', 'GET', 'M1020000', 3, 2, 'Y');
INSERT INTO _G_MENU (MENU_ID, MENU_NAME, BIND_ID, BIND_METHOD, UPPER_MENU_ID, MENU_LEVEL, MENU_SEQUENCE, DISPLAY_YN) VALUES ('M1020300', '역할별서비스관리', 'admin/roleBind', 'GET', 'M1020000', 3, 3, 'Y');

/*
GET     /admin/menus            'all menus info'
GET     /admin/menus/M1010102   'M1010102 info'
GET     /admin/menus/new        'regist form page load'
GET     /admin/menus/:id/edit   'edit form page load'

/admin/menus/M1010102/edit

/admin/menus/{menuId}/edit
 */


INSERT INTO _G_TEST (TEST1, TEST2) VALUES ('TTTT11', '테스트1');
INSERT INTO _G_TEST (TEST1, TEST2) VALUES ('TTTT22', '테스트2');
INSERT INTO _G_TEST (TEST1, TEST2) VALUES ('TTTT33', '테스트3');



COMMIT;
